{"cameraMode":{"drawMode":0,"name":"Shaded","section":"Shading Mode"},"sceneLighting":true,"audioPlay":false,"sceneViewState":{"showFog":true,"showMaterialUpdate":false,"showSkybox":true,"showFlares":true,"showImageEffects":true,"showParticleSystems":true},"in2DMode":false,"pivot":{"x":0.7693552374839783,"y":0.22513875365257264,"z":0.11265470087528229},"rotation":{"x":-0.19351331889629365,"y":0.39638450741767886,"z":-0.08585069328546524,"w":-0.8933770060539246},"size":0.08660254627466202,"orthographic":false}